Days,Tag,Video,VideoLength,Timelapse or Video,TimeofBite,FishCount,Length,AgePhase,Fish,Coral Code,Coral,Genotype,InteractionType,Predation,Bites,Notes,VideoLength_seconds,video_duration_seconds
0,B086,GX10002,05:06:00,Timelapse,1:15,A,15,Initial,Sparisoma aurofrenatum,NA,Montastraea cavernosa,MCAV07,Bite,Y,1,NA,306,4590
0,B086,GX10002,05:06:00,Timelapse,1:30,A,15,Initial,Sparisoma aurofrenatum,NA,Pseudodiploria strigosa,PSTR01,Bite,Y,1,NA,306,4590
0,B086,GX10002,05:06:00,Timelapse,1:45,B,20,Initial,Sparisoma aurofrenatum,NA,Orbicella faveolata,OFAV01,Bite,Y,1,NA,306,4590
0,B086,GX10002,05:06:00,Timelapse,1:49,B,20,Initial,Sparisoma aurofrenatum,NA,Porites astreoides,PAST06,Bite,Y,1,NA,306,4590
0,B086,GX10002,05:06:00,Timelapse,1:51,B,20,Initial,Sparisoma aurofrenatum,NA,Pseudodiploria clivosa,PCLI04,Bite,Y,2,NA,306,4590
0,B086,GX10002,05:06:00,Timelapse,2:09,B,20,Initial,Sparisoma aurofrenatum,NA,Diploria labyrinthiformis,DLAB02,Bite,Y,1,NA,306,4590
0,B086,GX10002,05:06:00,Timelapse,2:22,B,20,Initial,Sparisoma aurofrenatum,NA,Orbicella faveolata,OFAV05,Bite,Y,2,NA,306,4590
0,B086,GX10002,05:06:00,Timelapse,2:26,B,20,Initial,Sparisoma aurofrenatum,NA,Pseudodiploria strigosa,PSTR01,Bite,Y,1,NA,306,4590
0,B086,GX10002,05:06:00,Timelapse,2:30,B,20,Initial,Sparisoma aurofrenatum,NA,Pseudodiploria clivosa,PCLI01,Bite,Y,1,NA,306,4590
0,B086,GX10002,05:06:00,Timelapse,2:34,C,18,Initial,Sparisoma aurofrenatum,NA,Montastraea cavernosa,MCAV07,Bite,Y,4,NA,306,4590
0,B086,GX10002,05:06:00,Timelapse,2:45,D,12,Initial,Sparisoma aurofrenatum,NA,Diploria labyrinthiformis,DLAB02,Bite,Y,3,NA,306,4590
0,B086,GX10002,05:06:00,Timelapse,2:46,C,18,Initial,Sparisoma aurofrenatum,NA,Porites porites,PPOR01,Bite,Y,5,NA,306,4590
0,B086,GX10002,05:06:00,Timelapse,2:53,D,12,Initial,Sparisoma aurofrenatum,NA,Diploria labyrinthiformis,DLAB02,Bite,Y,1,NA,306,4590
0,B086,GX10002,05:06:00,Timelapse,3:00,D,12,Initial,Sparisoma aurofrenatum,NA,Pseudodiploria clivosa,PCLI01,Bite,Y,1,NA,306,4590
0,B086,GX10002,05:06:00,Timelapse,3:04,C,18,Initial,Sparisoma aurofrenatum,NA,Porites porites,PPOR01,Bite,Y,1,NA,306,4590
0,B086,GX10002,05:06:00,Timelapse,3:06,C,18,Initial,Sparisoma aurofrenatum,NA,Montastraea cavernosa,MCAV07,Bite,Y,1,NA,306,4590
0,B086,GX10002,05:06:00,Timelapse,3:09,C,18,Initial,Sparisoma aurofrenatum,NA,Pseudodiploria strigosa,PSTR05,Bite,Y,1,NA,306,4590
0,B086,GX10002,05:06:00,Timelapse,3:13,A,15,Initial,Sparisoma aurofrenatum,NA,Montastraea cavernosa,MCAV07,Bite,Y,1,NA,306,4590
0,B086,GX10002,05:06:00,Timelapse,3:18,B,20,Initial,Sparisoma aurofrenatum,NA,Montastraea cavernosa,MCAV05,Bite,Y,1,NA,306,4590
0,B086,GX10002,05:06:00,Timelapse,3:21,C,18,Initial,Sparisoma aurofrenatum,NA,Pseudodiploria strigosa,PSTR05,Bite,Y,4,NA,306,4590
0,B086,GX10002,05:06:00,Timelapse,3:24,B,20,Initial,Sparisoma aurofrenatum,NA,Pseudodiploria strigosa,PSTR05,Bite,Y,3,NA,306,4590
0,B086,GX10002,05:06:00,Timelapse,3:26,A,15,Initial,Sparisoma aurofrenatum,NA,Pseudodiploria strigosa,PSTR05,Bite,Y,1,NA,306,4590
0,B086,GX10002,05:06:00,Timelapse,3:37,D,12,Initial,Sparisoma aurofrenatum,NA,Orbicella faveolata,OFAV05,Bite,Y,1,NA,306,4590
0,B086,GX10002,05:06:00,Timelapse,3:48,B,20,Initial,Sparisoma aurofrenatum,NA,Pseudodiploria strigosa,PSTR05,Bite,Y,1,NA,306,4590
0,B086,GX10002,05:06:00,Timelapse,4:09,A,15,Initial,Sparisoma aurofrenatum,NA,Pseudodiploria strigosa,PSTR01,Bite,Y,1,NA,306,4590
0,B086,GX10002,05:06:00,Timelapse,4:20,B,20,Initial,Sparisoma aurofrenatum,NA,Diploria labyrinthiformis,DLAB02,Bite,Y,1,NA,306,4590
0,B086,GX10002,05:06:00,Timelapse,4:33,C,18,Initial,Sparisoma aurofrenatum,NA,Pseudodiploria strigosa,PSTR05,Bite,Y,1,NA,306,4590
1,B086,GX010002,05:05:00,Timelapse,1:30,A,15,Initial,Sparisoma aurofrenatum,NA,Pseudodiploria strigosa,PSTR01,Bite,Y,1,NA,305,4575
1,B086,GX010002,05:05:00,Timelapse,1:45,A,15,Initial,Sparisoma aurofrenatum,NA,Orbicella faveolata,OFAV01,Bite,Y,1,NA,305,4575
1,B086,GX010002,05:05:00,Timelapse,1:49,A,15,Initial,Sparisoma aurofrenatum,NA,Porites astreoides,PAST06,Bite,Y,1,NA,305,4575
1,B086,GX010002,05:05:00,Timelapse,1:51,A,15,Initial,Sparisoma aurofrenatum,NA,Pseudodiploria clivosa,PCLI04,Bite,Y,1,NA,305,4575
1,B086,GX010002,05:05:00,Timelapse,2:31,B,15,Initial,Sparisoma aurofrenatum,NA,Pseudodiploria clivosa,PCLI01,Bite,Y,1,NA,305,4575
1,B086,GX010002,05:05:00,Timelapse,2:33,B,15,Initial,Sparisoma aurofrenatum,NA,Pseudodiploria clivosa,PCLI04,Bite,Y,1,NA,305,4575
1,B086,GX010002,05:05:00,Timelapse,2:33,C,15,Initial,Sparisoma aurofrenatum,NA,Montastraea cavernosa,MCAV07,Bite,Y,4,NA,305,4575
1,B086,GX010002,05:05:00,Timelapse,2:48,C,15,Initial,Sparisoma aurofrenatum,NA,Porites porites,PPOR01,Bite,Y,1,NA,305,4575
1,B086,GX010002,05:05:00,Timelapse,3:00,C,15,Initial,Sparisoma aurofrenatum,NA,Porites porites,PPOR01,Bite,Y,1,NA,305,4575
1,B086,GX010002,05:05:00,Timelapse,3:04,C,15,Initial,Sparisoma aurofrenatum,NA,Porites porites,PPOR01,Bite,Y,2,NA,305,4575
1,B086,GX010002,05:05:00,Timelapse,3:06,C,15,Initial,Sparisoma aurofrenatum,NA,Montastraea cavernosa,MCAV07,Bite,Y,1,NA,305,4575
1,B086,GX010002,05:05:00,Timelapse,3:13,C,15,Initial,Sparisoma aurofrenatum,NA,Montastraea cavernosa,MCAV07,Bite,Y,1,NA,305,4575
1,B086,GX010002,05:05:00,Timelapse,3:18,C,15,Initial,Sparisoma aurofrenatum,NA,Montastraea cavernosa,MCAV05,Bite,Y,1,NA,305,4575
1,B086,GX010002,05:05:00,Timelapse,3:24,C,15,Initial,Sparisoma aurofrenatum,NA,Pseudodiploria strigosa,PSTR05,Bite,Y,1,NA,305,4575
1,B086,GX010002,05:05:00,Timelapse,3:26,D,10,Initial,Sparisoma aurofrenatum,NA,Pseudodiploria strigosa,PSTR05,Bite,Y,1,NA,305,4575
1,B086,GX010002,05:05:00,Timelapse,3:48,E,13,Initial,Sparisoma aurofrenatum,NA,Pseudodiploria strigosa,PSTR05,Bite,Y,1,NA,305,4575
1,B086,GX010002,05:05:00,Timelapse,4:09,C,15,Initial,Sparisoma aurofrenatum,NA,Pseudodiploria strigosa,PSTR01,Bite,Y,1,NA,305,4575
1,B086,GX010002,05:05:00,Timelapse,4:30,C,15,Initial,Sparisoma aurofrenatum,NA,Pseudodiploria clivosa,PCLI01,Bite,Y,1,NA,305,4575
1,B086,GX010002,05:05:00,Timelapse,4:33,E,13,Initial,Sparisoma aurofrenatum,NA,Pseudodiploria strigosa,PSTR05,Bite,Y,1,NA,305,4575
1,B086,GX010002,05:05:00,Timelapse,4:39,E,13,Initial,Sparisoma aurofrenatum,NA,Acropora palmata,8G,Bite,Y,1,NA,305,4575
1,B086,GX010002,05:05:00,Timelapse,5:03,C,15,Initial,Sparisoma aurofrenatum,NA,Porites astreoides,PAST03,Bite,Y,1,NA,305,4575
1,B086,GX010004,08:52:00,Timelapse,8:08,A,15,NA,Chaetodon capistratus,NA,Pseudodiploria clivosa,PCLI01,Bite,Y,1,NA,532,7980
1,B086,GX010004,08:52:00,Timelapse,4:10,A,17,NA,Acanthurus bahianus,NA,Orbicella faveolata,OFAV05,Bite,Y,1,NA,532,7980
1,B086,GX010004,08:52:00,Timelapse,1:32,A,10,Initial,Sparisoma aurofrenatum,NA,Pseudodiploria strigosa,PSTR05,Bite,Y,1,NA,532,7980
1,B086,GX010004,08:52:00,Timelapse,1:56,A,10,Initial,Sparisoma aurofrenatum,NA,Porites astreoides,PAST02,Bite,Y,1,NA,532,7980
1,B086,GX010004,08:52:00,Timelapse,2:10,A,10,Initial,Sparisoma aurofrenatum,NA,Montastraea cavernosa,MCAV07,Bite,Y,1,NA,532,7980
1,B086,GX010004,08:52:00,Timelapse,3:45,B,5,Juvenile,Sparisoma aurofrenatum,NA,Orbicella faveolata,OFAV05,Bite,Y,2,NA,532,7980
1,B086,GX010004,08:52:00,Timelapse,4:06,C,10,Initial,Sparisoma aurofrenatum,NA,Montastraea cavernosa,MCAV07,Bite,Y,2,NA,532,7980
1,B086,GX010004,08:52:00,Timelapse,4:28,C,17,Initial,Sparisoma aurofrenatum,NA,Pseudodiploria clivosa,PCLI02,Bite,Y,1,NA,532,7980
1,B086,GX010004,08:52:00,Timelapse,4:32,B,10,Initial,Sparisoma aurofrenatum,NA,Pseudodiploria clivosa,PCLI01,Bite,Y,1,NA,532,7980
1,B086,GX010004,08:52:00,Timelapse,8:12,C,17,Initial,Sparisoma aurofrenatum,NA,Porites astreoides,PAST06,Bite,Y,1,NA,532,7980
1,B086,GX020004,08:53:00,Timelapse,3:51,A,15,NA,Chaetodon capistratus,NA,Pseudodiploria clivosa,PCLI02,Bite,Y,2,NA,533,7995
1,B086,GX020004,08:53:00,Timelapse,3:51,A,15,NA,Chaetodon capistratus,NA,Pseudodiploria strigosa,PSTR05,Bite,Y,1,NA,533,7995
1,B086,GX020004,08:53:00,Timelapse,3:52,B,15,NA,Chaetodon capistratus,NA,Pseudodiploria strigosa,PSTR01,Bite,Y,1,NA,533,7995
1,B086,GX020004,08:53:00,Timelapse,0:36,A,15,Initial,Sparisoma aurofrenatum,NA,Porites astreoides,PAST06,Bite,Y,1,NA,533,7995
1,B086,GX020004,08:53:00,Timelapse,1:21,B,7,Juvenile,Sparisoma aurofrenatum,NA,Pseudodiploria strigosa,PSTR01,Bite,Y,1,NA,533,7995
1,B086,GX020004,08:53:00,Timelapse,1:28,A,15,Initial,Sparisoma aurofrenatum,NA,Pseudodiploria strigosa,PSTR05,Bite,Y,1,NA,533,7995
1,B086,GX020004,08:53:00,Timelapse,1:33,B,7,Initial,Sparisoma aurofrenatum,NA,Montastraea cavernosa,MCAV07,Bite,Y,1,NA,533,7995
1,B086,GX020004,08:53:00,Timelapse,1:51,A,15,Initial,Sparisoma aurofrenatum,NA,Porites porites,PPOR01,Bite,Y,1,NA,533,7995
1,B086,GX020004,08:53:00,Timelapse,2:14,A,15,Initial,Sparisoma aurofrenatum,NA,Montastraea cavernosa,MCAV07,Bite,Y,1,NA,533,7995
1,B086,GX020004,08:53:00,Timelapse,3:34,A,15,Initial,Sparisoma aurofrenatum,NA,Pseudodiploria clivosa,PCLI02,Bite,Y,1,NA,533,7995
1,B086,GX020004,08:53:00,Timelapse,7:38,C,12,Initial,Sparisoma aurofrenatum,NA,Diploria labyrinthiformis,DLAB02,Bite,Y,1,NA,533,7995
1,B086,GX030004,08:53:00,Timelapse,0:14,A,15,NA,Chaetodon capistratus,NA,Pseudodiploria strigosa,PSTR01,Bite,Y,1,NA,533,7995
1,B086,GX030004,08:53:00,Timelapse,0:15,B,15,NA,Chaetodon capistratus,NA,Acropora palmata,3B,Bite,Y,1,NA,533,7995
1,B086,GX040004,08:52:00,Timelapse,4:40,A,15,NA,Chaetodon capistratus,NA,Diploria labyrinthiformis,DLAB02,Bite,Y,1,NA,532,7980
1,B086,GX040004,08:52:00,Timelapse,4:40,A,15,NA,Chaetodon capistratus,NA,Pseudodiploria clivosa,PCLI02,Bite,Y,1,NA,532,7980
2,B086,GX010006,08:51:00,Timelapse,8:13,A,15,NA,Chaetodon capistratus,NA,Pseudodiploria clivosa,PCLI02,Bite,Y,1,NA,531,7965
2,B086,GX010006,08:51:00,Timelapse,8:15,A,15,NA,Chaetodon capistratus,NA,Montastraea cavernosa,MCAV07,Bite,Y,1,NA,531,7965
2,B086,GX010006,08:51:00,Timelapse,8:16,A,15,NA,Chaetodon capistratus,NA,Diploria labyrinthiformis,DLAB02,Bite,Y,1,NA,531,7965
0,B087,GX010004,08:48:00,Timelapse,3:09,A,15,NA,Chaetodon capistratus,NA,Porites porites,PPOR01,Bite,Y,1,NA,528,7920
0,B087,GX010004,08:48:00,Timelapse,3:09,A,15,NA,Chaetodon capistratus,NA,Pseudodiploria strigosa,PSTR01,Bite,Y,1,NA,528,7920
0,B087,GX010004,08:48:00,Timelapse,3:09,A,15,NA,Chaetodon capistratus,NA,Pseudodiploria strigosa,PSTR05,Bite,Y,1,NA,528,7920
0,B087,GX010004,08:48:00,Timelapse,3:10,B,15,NA,Chaetodon capistratus,NA,Pseudodiploria clivosa,PCLI04,Bite,Y,4,NA,528,7920
0,B087,GX010004,08:48:00,Timelapse,3:12,B,15,NA,Chaetodon capistratus,NA,Pseudodiploria strigosa,PSTR05,Bite,Y,1,NA,528,7920
0,B087,GX010004,08:48:00,Timelapse,3:14,A,15,NA,Chaetodon capistratus,NA,Pseudodiploria clivosa,PCLI02,Bite,Y,3,NA,528,7920
0,B087,GX010004,08:48:00,Timelapse,3:15,A,15,NA,Chaetodon capistratus,NA,Pseudodiploria strigosa,PSTR06,Bite,Y,1,NA,528,7920
0,B087,GX010004,08:48:00,Timelapse,3:18,A,15,NA,Chaetodon capistratus,NA,Pseudodiploria clivosa,PCLI04,Bite,Y,1,NA,528,7920
0,B087,GX010004,08:48:00,Timelapse,3:25,A,15,NA,Chaetodon capistratus,NA,Pseudodiploria strigosa,PSTR06,Bite,Y,5,NA,528,7920
0,B087,GX010004,08:48:00,Timelapse,3:26,B,15,NA,Chaetodon capistratus,NA,Montastraea cavernosa,MCAV05,Bite,Y,3,NA,528,7920
0,B087,GX010004,08:48:00,Timelapse,3:27,A,15,NA,Chaetodon capistratus,NA,Pseudodiploria clivosa,PCLI04,Bite,Y,1,NA,528,7920
0,B087,GX010004,08:48:00,Timelapse,3:28,B,15,NA,Chaetodon capistratus,NA,Pseudodiploria clivosa,PCLI04,Bite,Y,2,NA,528,7920
0,B087,GX010004,08:48:00,Timelapse,6:48,A,15,NA,Chaetodon capistratus,NA,Montastraea cavernosa,MCAV06,Bite,Y,1,NA,528,7920
0,B087,GX010004,08:48:00,Timelapse,6:48,B,15,NA,Chaetodon capistratus,NA,Montastraea cavernosa,MCAV06,Bite,Y,2,NA,528,7920
0,B087,GX010004,08:48:00,Timelapse,6:49,A,15,NA,Chaetodon capistratus,NA,Pseudodiploria clivosa,PCLI04,Bite,Y,1,NA,528,7920
0,B087,GX010004,08:48:00,Timelapse,6:52,A,15,NA,Chaetodon capistratus,NA,Montastraea cavernosa,MCAV06,Bite,Y,1,NA,528,7920
0,B087,GX010004,08:48:00,Timelapse,0:00,A,15,Initial,Sparisoma aurofrenatum,NA,Pseudodiploria strigosa,PSTR01,Bite,Y,1,NA,528,7920
0,B087,GX010004,08:48:00,Timelapse,0.09,A,15,Initial,Sparisoma aurofrenatum,NA,Pseudodiploria strigosa,PSTR05,Bite,Y,3,NA,528,7920
0,B087,GX010004,08:48:00,Timelapse,0.26,A,15,Initial,Sparisoma aurofrenatum,NA,Orbicella faveolata,OFAV01,Bite,Y,1,NA,528,7920
0,B087,GX010004,08:48:00,Timelapse,0.26,B,12,Initial,Sparisoma aurofrenatum,NA,Pseudodiploria strigosa,PSTR05,Bite,Y,4,NA,528,7920
0,B087,GX010004,08:48:00,Timelapse,0.45,B,12,Initial,Sparisoma aurofrenatum,NA,Pseudodiploria strigosa,PSTR01,Bite,Y,1,NA,528,7920
0,B087,GX010004,08:48:00,Timelapse,0.5,B,12,Initial,Sparisoma aurofrenatum,NA,Pseudodiploria clivosa,PCLI02,bite,Y,1,NA,528,7920
0,B087,GX010004,08:48:00,Timelapse,1:09,C,15,Initial,Sparisoma aurofrenatum,NA,Pseudodiploria strigosa,PSTR05,Bite,Y,1,NA,528,7920
0,B087,GX010004,08:48:00,Timelapse,1:11,C,15,Initial,Sparisoma aurofrenatum,NA,Montastraea cavernosa,MCAV06,Bite,Y,1,NA,528,7920
0,B087,GX010004,08:48:00,Timelapse,1:25,C,15,Initial,Sparisoma aurofrenatum,NA,Pseudodiploria strigosa,PSTR05,Bite,Y,1,NA,528,7920
0,B087,GX010004,08:48:00,Timelapse,1:31,B,12,Initial,Sparisoma aurofrenatum,NA,Pseudodiploria clivosa,PCLI02,Bite,Y,1,NA,528,7920
0,B087,GX010004,08:48:00,Timelapse,1:39,C,15,Initial,Sparisoma aurofrenatum,NA,Pseudodiploria clivosa,PCLI04,Bite,Y,4,NA,528,7920
0,B087,GX010004,08:48:00,Timelapse,1:40,C,15,Initial,Sparisoma aurofrenatum,NA,Montastraea cavernosa,MCAV05,Bite,Y,2,NA,528,7920
0,B087,GX010004,08:48:00,Timelapse,1:42,C,15,Initial,Sparisoma aurofrenatum,NA,Diploria labyrinthiformis,DLAB02,Bite,Y,5,NA,528,7920
0,B087,GX010004,08:48:00,Timelapse,1:49,D,20,Initial,Sparisoma aurofrenatum,NA,Orbicella faveolata,OFAV04,Bite,Y,3,NA,528,7920
0,B087,GX010004,08:48:00,Timelapse,1:55,C,15,Initial,Sparisoma aurofrenatum,NA,Pseudodiploria strigosa,PSTR01,Bite,Y,1,NA,528,7920
0,B087,GX010004,08:48:00,Timelapse,1:59,C,15,Initial,Sparisoma aurofrenatum,NA,Porites astreoides,PAST02,Bite,Y,1,NA,528,7920
0,B087,GX010004,08:48:00,Timelapse,2:04,B,12,Initial,Sparisoma aurofrenatum,NA,Pseudodiploria clivosa,PCLI02,Bite,Y,1,NA,528,7920
0,B087,GX010004,08:48:00,Timelapse,2:06,B,12,Initial,Sparisoma aurofrenatum,NA,Orbicella faveolata,OFAV04,Bite,Y,3,NA,528,7920
0,B087,GX010004,08:48:00,Timelapse,2:14,C,15,Initial,Sparisoma aurofrenatum,NA,Orbicella faveolata,OFAV05,Bite,Y,1,NA,528,7920
0,B087,GX010004,08:48:00,Timelapse,2:18,C,15,Initial,Sparisoma aurofrenatum,NA,Pseudodiploria clivosa,PCLI04,Bite,Y,5,NA,528,7920
0,B087,GX010004,08:48:00,Timelapse,2:27,C,15,Initial,Sparisoma aurofrenatum,NA,Pseudodiploria strigosa,PSTR05,Bite,Y,3,NA,528,7920
0,B087,GX010004,08:48:00,Timelapse,3:20,C,15,Initial,Sparisoma aurofrenatum,NA,Pseudodiploria strigosa,PSTR05,Bite,Y,2,NA,528,7920
0,B087,GX010004,08:48:00,Timelapse,3:38,C,15,Initial,Sparisoma aurofrenatum,NA,Orbicella faveolata,OFAV05,Bite,Y,1,NA,528,7920
0,B087,GX010004,08:48:00,Timelapse,3:58,C,15,Initial,Sparisoma aurofrenatum,NA,Porites astreoides,PAST01,Bite,Y,1,NA,528,7920
0,B087,GX010004,08:48:00,Timelapse,3:59,C,15,Initial,Sparisoma aurofrenatum,NA,Orbicella faveolata,OFAV04,Bite,Y,1,NA,528,7920
0,B087,GX010004,08:48:00,Timelapse,4:26,C,15,Initial,Sparisoma aurofrenatum,NA,Pseudodiploria strigosa,PSTR06,Bite,Y,1,NA,528,7920
0,B087,GX010004,08:48:00,Timelapse,5:03,E,18,Initial,Sparisoma aurofrenatum,NA,Orbicella faveolata,OFAV04,Bite,Y,1,NA,528,7920
0,B087,GX010004,08:48:00,Timelapse,5:36,C,15,Initial,Sparisoma aurofrenatum,NA,Orbicella faveolata,OFAV04,Bite,Y,1,NA,528,7920
0,B087,GX010004,08:48:00,Timelapse,5:36,F,15,Initial,Sparisoma aurofrenatum,NA,Orbicella faveolata,OFAV04,Bite,Y,1,NA,528,7920
0,B087,GX010004,08:48:00,Timelapse,5:43,F,15,Initial,Sparisoma aurofrenatum,NA,Orbicella faveolata,OFAV04,Bite,Y,4,NA,528,7920
0,B087,GX010004,08:48:00,Timelapse,6:09,F,15,Initial,Sparisoma aurofrenatum,NA,Orbicella faveolata,OFAV04,Bite,Y,5,NA,528,7920
0,B087,GX010004,08:48:00,Timelapse,7:00,E,18,Initial,Sparisoma aurofrenatum,NA,Orbicella faveolata,OFAV01,Bite,Y,1,NA,528,7920
0,B087,GX010004,08:48:00,Timelapse,7:19,F,15,Initial,Sparisoma aurofrenatum,NA,Porites porites,PPOR01,Bite,Y,1,NA,528,7920
0,B087,GX010004,08:48:00,Timelapse,8:04,E,18,Initial,Sparisoma aurofrenatum,NA,Orbicella faveolata,OFAV04,Bite,Y,1,NA,528,7920
0,B087,GX010004,08:48:00,Timelapse,2:09,A,10,Terminal,Stegastes planifrons,NA,Montastraea cavernosa,MCAV05,Bite,Y,1,NA,528,7920
0,B087,GX010004,08:48:00,Timelapse,7:49,A,10,Terminal,Stegastes planifrons,NA,Orbicella faveolata,OFAV05,Bite,Y,1,NA,528,7920
1,B087,GX010005,08:46:00,Timelapse,1:47,A,15,NA,Chaetodon capistratus,NA,Porites astreoides,PAST01,Bite,Y,1,NA,526,7890
1,B087,GX010005,08:46:00,Timelapse,3:44,B,15,NA,Chaetodon capistratus,NA,Pseudodiploria clivosa,PCLI04,Bite,Y,1,NA,526,7890
1,B087,GX010005,08:46:00,Timelapse,7:12,C,15,NA,Chaetodon capistratus,NA,Pseudodiploria clivosa,PCLI04,Bite,Y,2,NA,526,7890
1,B087,GX010005,08:46:00,Timelapse,7:12,C,15,NA,Chaetodon capistratus,NA,Pseudodiploria strigosa,PSTR01,Bite,Y,1,NA,526,7890
1,B087,GX010005,08:46:00,Timelapse,7:13,C,15,NA,Chaetodon capistratus,NA,Pseudodiploria clivosa,PCLI04,Bite,Y,1,NA,526,7890
1,B087,GX010005,08:46:00,Timelapse,7:13,D,15,NA,Chaetodon capistratus,NA,Pseudodiploria clivosa,PCLI04,Bite,Y,1,NA,526,7890
1,B087,GX010005,08:46:00,Timelapse,7:16,D,15,NA,Chaetodon capistratus,NA,Pseudodiploria clivosa,PCLI01,Bite,Y,2,NA,526,7890
1,B087,GX010005,08:46:00,Timelapse,7:18,C,15,NA,Chaetodon capistratus,NA,Pseudodiploria clivosa,PCLI02,Bite,Y,1,NA,526,7890
1,B087,GX010005,08:46:00,Timelapse,2:09,A,15,Initial,Sparisoma aurofrenatum,NA,Orbicella faveolata,OFAV04,Bite,Y,1,NA,526,7890
1,B087,GX010005,08:46:00,Timelapse,4:55,B,15,Initial,Sparisoma aurofrenatum,NA,Diploria labyrinthiformis,DLAB02,Bite,Y,1,NA,526,7890
1,B087,GX010005,08:46:00,Timelapse,6:05,C,4,Initial,Sparisoma aurofrenatum,NA,Montastraea cavernosa,MCAV05,Bite,Y,1,NA,526,7890
1,B087,GX010005,08:46:00,Timelapse,7:47,D,13,Initial,Sparisoma aurofrenatum,NA,Pseudodiploria strigosa,PSTR06,Bite,Y,1,NA,526,7890
2,B087,GX010006,08:47:00,Timelapse,5:04,A,15,NA,Chaetodon capistratus,NA,Porites astreoides,PAST01,Bite,Y,1,NA,527,7905
2,B087,GX010006,08:47:00,Timelapse,2:33,A,2,Juvenile,Sparisoma aurofrenatum,NA,Pseudodiploria clivosa,PCLI01,Bite,Y,1,NA,527,7905
2,B087,GX010006,08:47:00,Timelapse,4:03,B,7,Initial,Sparisoma aurofrenatum,NA,Pseudodiploria clivosa,PCLI02,Bite,Y,1,NA,527,7905
2,B087,GX010006,08:47:00,Timelapse,4:11,C,15,Initial,Sparisoma aurofrenatum,NA,Orbicella faveolata,OFAV05,Bite,Y,1,NA,527,7905
2,B087,GX010006,08:47:00,Timelapse,7:12,D,16,Initial,Sparisoma aurofrenatum,NA,Orbicella faveolata,OFAV04,Bite,Y,1,NA,527,7905
2,B088,GX010004,08:53:00,Timelapse,4:19,A,15,NA,Chaetodon capistratus,NA,Montastraea cavernosa,MCAV06,Bite,Y,2,NA,533,7995
2,B088,GX010004,08:53:00,Timelapse,4:20,B,15,NA,Chaetodon capistratus,NA,Pseudodiploria clivosa,PCLI01,Bite,Y,1,NA,533,7995
2,B088,GX010004,08:53:00,Timelapse,8:45,A,15,NA,Chaetodon capistratus,NA,Montastraea cavernosa,MCAV06,Bite,Y,2,NA,533,7995
2,B088,GX010004,08:53:00,Timelapse,8:45,A,15,NA,Chaetodon capistratus,NA,Montastraea cavernosa,MCAV07,Bite,Y,1,NA,533,7995
2,B088,GX010004,08:53:00,Timelapse,8:46,A,15,NA,Chaetodon capistratus,NA,Montastraea cavernosa,MCAV07,Bite,Y,2,NA,533,7995
2,B088,GX010004,08:53:00,Timelapse,8:51,A,15,NA,Chaetodon capistratus,NA,Montastraea cavernosa,MCAV05,Bite,Y,1,NA,533,7995
2,B088,GX010004,08:53:00,Timelapse,2:05,A,10,Initial,Sparisoma aurofrenatum,NA,Porites astreoides,PAST02,Bite,Y,1,NA,533,7995
2,B088,GX010004,08:53:00,Timelapse,2:48,B,12,Initial,Sparisoma aurofrenatum,NA,Diploria labyrinthiformis,DLAB01,Bite,Y,2,NA,533,7995
2,B088,GX010004,08:53:00,Timelapse,6:58,C,15,Initial,Sparisoma aurofrenatum,NA,Porites astreoides,PAST03,Bite,Y,2,NA,533,7995
1,B090,GX010004,08:53:00,Timelapse,7:55,A,15,NA,Chaetodon capistratus,NA,Pseudodiploria clivosa,PCLI04,Bite,Y,1,NA,533,7995
1,B090,GX010004,08:53:00,Timelapse,7:56,A,15,NA,Chaetodon capistratus,NA,Pseudodiploria clivosa,PCLI01,Bite,Y,1,NA,533,7995
1,B090,GX010004,08:53:00,Timelapse,7:57,A,15,NA,Chaetodon capistratus,NA,Pseudodiploria clivosa,PCLI04,Bite,Y,1,NA,533,7995
1,B090,GX010004,08:53:00,Timelapse,7:57,B,15,NA,Chaetodon capistratus,NA,Porites porites,PPOR01,Bite,Y,1,NA,533,7995
1,B090,GX010004,08:53:00,Timelapse,7:59,A,15,NA,Chaetodon capistratus,NA,Pseudodiploria strigosa,PSTR01,Bite,Y,1,NA,533,7995
1,B090,GX010004,08:53:00,Timelapse,8:05,A,15,NA,Chaetodon capistratus,NA,Pseudodiploria strigosa,PSTR06,Bite,Y,1,NA,533,7995
1,B090,GX010004,08:53:00,Timelapse,8:28,B,15,NA,Chaetodon capistratus,NA,Montastraea cavernosa,MCAV05,Bite,Y,2,NA,533,7995
1,B090,GX010004,08:53:00,Timelapse,8:28,B,15,NA,Chaetodon capistratus,NA,Pseudodiploria strigosa,PSTR01,Bite,Y,1,NA,533,7995
1,B090,GX010004,08:53:00,Timelapse,8:31,B,15,NA,Chaetodon capistratus,NA,Orbicella faveolata,OFAV01,Bite,Y,1,NA,533,7995
1,B090,GX010004,08:53:00,Timelapse,8:31,A,15,NA,Chaetodon capistratus,NA,Pseudodiploria clivosa,PCLI04,Bite,Y,1,NA,533,7995
1,B090,GX020004,08:53:00,Timelapse,2:06,A,15,NA,Chaetodon capistratus,NA,Montastraea cavernosa,MCAV07,Bite,Y,2,NA,533,7995
1,B090,GX020004,08:53:00,Timelapse,2:07,A,15,NA,Chaetodon capistratus,NA,Pseudodiploria clivosa,PCLI02,Bite,Y,2,NA,533,7995
1,B090,GX020004,08:53:00,Timelapse,2:08,B,15,NA,Chaetodon capistratus,NA,Pseudodiploria clivosa,PCLI01,Bite,Y,1,NA,533,7995
1,B090,GX020004,08:53:00,Timelapse,2:18,A,15,NA,Chaetodon capistratus,NA,Pseudodiploria strigosa,PSTR06,Bite,Y,1,NA,533,7995
1,B090,GX020004,08:53:00,Timelapse,2:23,B,15,NA,Chaetodon capistratus,NA,Montastraea cavernosa,MCAV06,Bite,Y,1,NA,533,7995
1,B090,GX020004,08:53:00,Timelapse,2:25,A,15,NA,Chaetodon capistratus,NA,Pseudodiploria clivosa,PCLI04,Bite,Y,1,NA,533,7995
1,B090,GX020004,08:53:00,Timelapse,2:37,A,15,NA,Chaetodon capistratus,NA,Pseudodiploria clivosa,PCLI01,Bite,Y,1,NA,533,7995
1,B090,GX020004,08:53:00,Timelapse,2:38,A,15,NA,Chaetodon capistratus,NA,Pseudodiploria clivosa,PCLI04,Bite,Y,1,NA,533,7995
1,B090,GX020004,08:53:00,Timelapse,2:38,B,15,NA,Chaetodon capistratus,NA,Pseudodiploria clivosa,PCLI04,Bite,Y,1,NA,533,7995
1,B090,GX020004,08:53:00,Timelapse,3:04,A,15,NA,Chaetodon capistratus,NA,Pseudodiploria clivosa,PCLI04,Bite,Y,1,NA,533,7995
1,B090,GX020004,08:53:00,Timelapse,3:59,A,15,NA,Chaetodon capistratus,NA,Pseudodiploria clivosa,PCLI01,Bite,Y,2,NA,533,7995
1,B090,GX020004,08:53:00,Timelapse,4:05,A,15,Initial,Sparisoma aurofrenatum,NA,Orbicella faveolata,OFAV05,Bite,Y,1,NA,533,7995
1,B090,GX020004,08:53:00,Timelapse,4:14,A,15,Initial,Sparisoma aurofrenatum,NA,Orbicella faveolata,OFAV05,Bite,Y,1,NA,533,7995
1,B090,GX020004,08:53:00,Timelapse,8:30,B,15,Initial,Sparisoma aurofrenatum,NA,Pseudodiploria clivosa,PCLI04,Bite,Y,1,NA,533,7995
1,B090,GX030004,08:53:00,Timelapse,0:33,A,15,NA,Chaetodon capistratus,NA,Pseudodiploria clivosa,PLCI04,Bite,Y,1,NA,533,7995
1,B090,GX030004,08:53:00,Timelapse,0:34,A,15,NA,Chaetodon capistratus,NA,Pseudodiploria strigosa,PSTR06,Bite,Y,1,NA,533,7995
1,B090,GX030004,08:53:00,Timelapse,8:12,B,15,NA,Chaetodon capistratus,NA,Pseudodiploria clivosa,PCLI01,Bite,Y,1,NA,533,7995
1,B090,GX030004,08:53:00,Timelapse,8:15,B,15,NA,Chaetodon capistratus,NA,Pseudodiploria clivosa,PCLI04,Bite,Y,1,NA,533,7995
1,B090,GX030004,08:53:00,Timelapse,8:17,B,15,NA,Chaetodon capistratus,NA,Montastraea cavernosa,MCAV06,Bite,Y,1,NA,533,7995
1,B090,GX040004,08:53:00,Timelapse,0:49,A,15,NA,Chaetodon capistratus,NA,Pseudodiploria clivosa,PCLI02,Bite,Y,1,NA,533,7995
2,B090,GX010005,08:53:00,Timelapse,4:06,A,20,Terminal,Sparisoma aurofrenatum,NA,Pseudodiploria clivosa,PCLI02,Bite,Y,1,NA,533,7995
2,B090,GX030005,08:53:00,Timelapse,3:14,A,15,NA,Chaetodon capistratus,NA,Acropora palmata,5F,Bite,Y,1,NA,533,7995
2,B090,GX040005,08:53:00,Timelapse,0:05,A,15,NA,Chaetodon capistratus,NA,Pseudodiploria strigosa,PSTR01,Bite,Y,1,NA,533,7995
2,B090,GX040005,08:53:00,Timelapse,0:05,A,15,NA,Chaetodon capistratus,NA,Pseudodiploria clivosa,PCLI01,Bite,Y,1,NA,533,7995
2,B090,GX040005,08:53:00,Timelapse,0:08,A,15,NA,Chaetodon capistratus,NA,Porites astreoides,PAST02,Bite,Y,1,NA,533,7995
2,B090,GX040005,08:53:00,Timelapse,0:39,A,15,NA,Chaetodon capistratus,NA,Pseudodiploria strigosa,PSTR06,Bite,Y,1,NA,533,7995
2,B090,GX040005,08:53:00,Timelapse,5:00,B,15,NA,Chaetodon capistratus,NA,Pseudodiploria clivosa,PCLI04,Bite,Y,1,NA,533,7995
2,B090,GX040005,08:53:00,Timelapse,5:00,B,15,NA,Chaetodon capistratus,NA,Pseudodiploria clivosa,PCLI02,Bite,Y,1,NA,533,7995
2,B090,GX040005,08:53:00,Timelapse,6:52,C,15,NA,Chaetodon capistratus,NA,Pseudodiploria clivosa,PCLI04,Bite,Y,1,NA,533,7995
0,B091,GX010002,08:52:00,Timelapse,6:45,A,15,Initial,Sparisoma aurofrenatum,NA,Pseudodiploria clivosa,PCLI01,Bite,Y,3,NA,532,7980
0,B091,GX010002,08:52:00,Timelapse,6:50,B,15,Initial,Sparisoma aurofrenatum,NA,Pseudodiploria clivosa,PCLI01,Bite,Y,1,NA,532,7980
0,B091,GX010002,08:52:00,Timelapse,6:53,B,15,Initial,Sparisoma aurofrenatum,NA,Pseudodiploria clivosa,PCLI01,Bite,Y,1,NA,532,7980
0,B091,GX010002,08:52:00,Timelapse,6:55,B,15,Initial,Sparisoma aurofrenatum,NA,Pseudodiploria clivosa,PCLI01,Bite,Y,1,NA,532,7980
0,B091,GX010002,08:52:00,Timelapse,7:03,B,15,Initial,Sparisoma aurofrenatum,NA,Porites astreoides,PAST03,Bite,Y,1,NA,532,7980
0,B091,GX010002,08:52:00,Timelapse,7:10,C,17,Initial,Sparisoma aurofrenatum,NA,Pseudodiploria clivosa,PCLI04,Bite,Y,1,NA,532,7980
0,B091,GX010002,08:52:00,Timelapse,7:18,D,12,Initial,Sparisoma aurofrenatum,NA,Pseudodiploria clivosa,PCLI01,Bite,Y,1,NA,532,7980
0,B091,GX010002,08:52:00,Timelapse,7:23,C,17,Initial,Sparisoma aurofrenatum,NA,Porites astreoides,PAST01,Bite,Y,1,NA,532,7980
0,B091,GX010002,08:52:00,Timelapse,8:04,C,17,Initial,Sparisoma aurofrenatum,NA,Orbicella faveolata,OFAV04,Bite,Y,1,NA,532,7980
0,B091,GX020002,08:52:00,Timelapse,4:31,A,15,NA,Chaetodon capistratus,NA,Pseudodiploria strigosa,PSTR01,Bite,Y,1,NA,532,7980
0,B091,GX020002,08:52:00,Timelapse,6:14,A,15,NA,Chaetodon capistratus,NA,Pseudodiploria clivosa,PCLI04,Bite,Y,1,NA,532,7980
0,B091,GX020002,08:52:00,Timelapse,0.14,A,15,Initial,Sparisoma aurofrenatum,NA,Pseudodiploria clivosa,PCLI01,Bite,Y,1,NA,532,7980
0,B091,GX020002,08:52:00,Timelapse,0.31,A,15,Initial,Sparisoma aurofrenatum,NA,Orbicella faveolata,OFAV04,Bite,Y,1,NA,532,7980
0,B091,GX020002,08:52:00,Timelapse,0.36,B,12,Initial,Sparisoma aurofrenatum,NA,Pseudodiploria strigosa,PSTR05,Bite,Y,1,NA,532,7980
0,B091,GX020002,08:52:00,Timelapse,1:26,A,15,Initial,Sparisoma aurofrenatum,NA,Pseudodiploria strigosa,PSTR05,Bite,Y,1,NA,532,7980
0,B091,GX020002,08:52:00,Timelapse,1:29,C,15,Initial,Sparisoma aurofrenatum,NA,Porites astreoides,PAST03,Bite,Y,1,NA,532,7980
0,B091,GX020002,08:52:00,Timelapse,4:16,D,15,Initial,Sparisoma aurofrenatum,NA,Diploria labyrinthiformis,DLAB01,Bite,Y,1,NA,532,7980
0,B091,GX020002,08:52:00,Timelapse,5:32,D,15,Initial,Sparisoma aurofrenatum,NA,Porites porites,PPOR01,Bite,Y,1,NA,532,7980
0,B091,GX020002,08:52:00,Timelapse,5:33,D,15,Initial,Sparisoma aurofrenatum,NA,Porites astreoides,PAST03,Bite,Y,1,NA,532,7980
0,B091,GX020002,08:52:00,Timelapse,6:37:00,D,15,Initial,Sparisoma aurofrenatum,NA,Orbicella faveolata,OFAV5,Bite,Y,1,NA,532,7980
0,B091,GX030002,08:53:00,Timelapse,1:17,A,15,NA,Chaetodon capistratus,NA,Pseudodiploria clivosa,PCLI04,Bite,Y,1,NA,533,7995
0,B091,GX030002,08:53:00,Timelapse,1:19,A,15,NA,Chaetodon capistratus,NA,Orbicella faveolata,OFAV04,Bite,Y,1,NA,533,7995
0,B091,GX030002,08:53:00,Timelapse,1:20,A,15,NA,Chaetodon capistratus,NA,Pseudodiploria clivosa,PCLI01,Bite,Y,2,NA,533,7995
0,B091,GX030002,08:53:00,Timelapse,1:20,B,15,NA,Chaetodon capistratus,NA,Pseudodiploria clivosa,PCLI01,Bite,Y,1,NA,533,7995
0,B091,GX030002,08:53:00,Timelapse,1:22,A,15,NA,Chaetodon capistratus,NA,Pseudodiploria clivosa,PCLI04,Bite,Y,1,NA,533,7995
0,B091,GX030002,08:53:00,Timelapse,1:25,A,15,NA,Chaetodon capistratus,NA,Pseudodiploria clivosa,PCLI04,Bite,Y,2,NA,533,7995
0,B091,GX030002,08:53:00,Timelapse,1:26,A,15,NA,Chaetodon capistratus,NA,Pseudodiploria clivosa,PCLI04,Bite,Y,1,NA,533,7995
0,B091,GX030002,08:53:00,Timelapse,1:27,A,15,NA,Chaetodon capistratus,NA,Pseudodiploria clivosa,PCLI01,Bite,Y,1,NA,533,7995
0,B091,GX030002,08:53:00,Timelapse,1:34,A,15,NA,Chaetodon capistratus,NA,Pseudodiploria clivosa,PCLI01,Bite,Y,1,NA,533,7995
0,B091,GX030002,08:53:00,Timelapse,1:34,A,15,NA,Chaetodon capistratus,NA,Pseudodiploria strigosa,PSTR01,Bite,Y,1,NA,533,7995
0,B091,GX030002,08:53:00,Timelapse,1:46,A,15,NA,Chaetodon capistratus,NA,Pseudodiploria clivosa,PCLI04,Bite,Y,1,NA,533,7995
0,B091,GX030002,08:53:00,Timelapse,1:47,B,15,NA,Chaetodon capistratus,NA,Porites astreoides,PAST03,Bite,Y,1,NA,533,7995
0,B091,GX030002,08:53:00,Timelapse,2:43,A,15,NA,Chaetodon capistratus,NA,Pseudodiploria clivosa,PCLI01,Bite,Y,1,NA,533,7995
0,B091,GX030002,08:53:00,Timelapse,3:40,A,15,NA,Chaetodon capistratus,NA,Montastraea cavernosa,MCAV06,Bite,Y,1,NA,533,7995
0,B091,GX030002,08:53:00,Timelapse,3:41,B,15,NA,Chaetodon capistratus,NA,Montastraea cavernosa,MCAV06,Bite,Y,2,NA,533,7995
0,B091,GX030002,08:53:00,Timelapse,0.15,A,15,Initial,Sparisoma aurofrenatum,NA,Porites astreoides,PAST02,Bite,Y,2,NA,533,7995
0,B091,GX030002,08:53:00,Timelapse,0.16,A,15,Initial,Sparisoma aurofrenatum,NA,Acropora palmata,5F,Bite,Y,1,NA,533,7995
0,B091,GX030002,08:53:00,Timelapse,0.28,A,15,Initial,Sparisoma aurofrenatum,NA,Pseudodiploria strigosa,PSTR05,Bite,Y,2,NA,533,7995
0,B091,GX030002,08:53:00,Timelapse,1:02,B,12,Initial,Sparisoma aurofrenatum,NA,Porites astreoides,PAST02,Bite,Y,2,NA,533,7995
0,B091,GX030002,08:53:00,Timelapse,3:54,C,15,Initial,Sparisoma aurofrenatum,NA,Pseudodiploria clivosa,PCLI01,Bite,Y,1,NA,533,7995
0,B091,GX030002,08:53:00,Timelapse,4:29,C,15,Initial,Sparisoma aurofrenatum,NA,Porites astreoides,PAST02,Bite,Y,2,NA,533,7995
0,B091,GX030002,08:53:00,Timelapse,4:58,C,15,Initial,Sparisoma aurofrenatum,NA,Pseudodiploria strigosa,PSTR05,Bite,Y,1,NA,533,7995
0,B091,GX030002,08:53:00,Timelapse,7:55,D,10,Initial,Sparisoma aurofrenatum,NA,Montastraea cavernosa,MCAV06,Bite,Y,2,NA,533,7995
1,B091,GX010003,08:53:00,Timelapse,7:09,A,15,NA,Chaetodon capistratus,NA,Pseudodiploria clivosa,PCLI01,Bite,Y,2,NA,533,7995
2,B091,GX010005,08:41:00,Timelapse,1:46,A,15,NA,Stegastes diencaeus,NA,Acropora palmata,6C,Bite,Y,1,NA,521,7815
0,B092,GX020003,08:53:00,Timelapse,2:50,A,15,Initial,Sparisoma aurofrenatum,NA,Pseudodiploria clivosa,PCLI01,Bite,Y,1,NA,533,7995
0,B092,GX020003,08:53:00,Timelapse,2:56,A,15,Initial,Sparisoma aurofrenatum,NA,Orbicella faveolata,OFAV05,Bite,Y,1,NA,533,7995
0,B092,GX020003,08:53:00,Timelapse,2:57,A,15,Initial,Sparisoma aurofrenatum,NA,Pseudodiploria clivosa,PCLI01,Bite,Y,1,NA,533,7995
0,B092,GX020003,08:53:00,Timelapse,3:01,A,15,Initial,Sparisoma aurofrenatum,NA,Pseudodiploria clivosa,PCLI01,Bite,Y,4,NA,533,7995
0,B092,GX020003,08:53:00,Timelapse,3:05,A,15,Initial,Sparisoma aurofrenatum,NA,Pseudodiploria clivosa,PCLI04,Bite,Y,1,NA,533,7995
0,B092,GX020003,08:53:00,Timelapse,3:14,A,15,Initial,Sparisoma aurofrenatum,NA,Porites astreoides,PAST01,Bite,Y,2,NA,533,7995
0,B092,GX020003,08:53:00,Timelapse,4:03,A,15,Initial,Sparisoma aurofrenatum,NA,Porites astreoides,PAST01,Bite,Y,1,NA,533,7995
0,B092,GX020003,08:53:00,Timelapse,4:33,A,15,Initial,Sparisoma aurofrenatum,NA,Montastraea cavernosa,MCAV05,Bite,Y,1,NA,533,7995
0,B092,GX020003,08:53:00,Timelapse,4:34,A,15,Initial,Sparisoma aurofrenatum,NA,Pseudodiploria clivosa,PCLI01,Bite,Y,1,NA,533,7995
0,B092,GX020003,08:53:00,Timelapse,4:42,A,15,Initial,Sparisoma aurofrenatum,NA,Orbicella faveolata,OFAV04,Bite,Y,1,NA,533,7995
0,B092,GX020003,08:53:00,Timelapse,5:18,A,15,Initial,Sparisoma aurofrenatum,NA,Orbicella faveolata,OFAV05,Bite,Y,1,NA,533,7995
0,B092,GX020003,08:53:00,Timelapse,5:24,A,15,Initial,Sparisoma aurofrenatum,NA,Pseudodiploria clivosa,PCLI01,Bite,Y,1,NA,533,7995
0,B092,GX020003,08:53:00,Timelapse,7:00,A,15,Initial,Sparisoma aurofrenatum,NA,Montastraea cavernosa,MCAV05,Bite,Y,1,NA,533,7995
0,B092,GX020003,08:53:00,Timelapse,7:35,B,15,Initial,Sparisoma aurofrenatum,NA,Porites porites,PPOR01,Bite,Y,1,NA,533,7995
0,B092,GX020003,08:53:00,Timelapse,7:56,B,15,Initial,Sparisoma aurofrenatum,NA,Orbicella faveolata,OFAV04,Bite,Y,4,NA,533,7995
0,B092,GX020003,08:53:00,Timelapse,8:36,B,15,Initial,Sparisoma aurofrenatum,NA,Porites porites,PPOR01,Bite,Y,1,NA,533,7995
0,B092,GX020003,08:53:00,Timelapse,8:42,B,15,Initial,Sparisoma aurofrenatum,NA,Porites astreoides,PAST01,Bite,Y,1,NA,533,7995
0,B092,GX030003,08:53:00,Timelapse,3:16,A,15,NA,Chaetodon capistratus,NA,Pseudodiploria strigosa,PSTR01,Bite,Y,2,NA,533,7995
0,B092,GX030003,08:53:00,Timelapse,3:16,A,15,NA,Chaetodon capistratus,NA,Pseudodiploria strigosa,PSTR06,Bite,Y,1,NA,533,7995
0,B092,GX030003,08:53:00,Timelapse,3:17,B,15,NA,Chaetodon capistratus,NA,Pseudodiploria clivosa,PCLI04,Bite,Y,1,NA,533,7995
0,B092,GX030003,08:53:00,Timelapse,3:18,A,15,NA,Chaetodon capistratus,NA,Montastraea cavernosa,MCAV01,Bite,Y,2,NA,533,7995
0,B092,GX030003,08:53:00,Timelapse,3:21,A,15,NA,Chaetodon capistratus,NA,Pseudodiploria strigosa,PSTRI01,Bite,Y,1,NA,533,7995
0,B092,GX030003,08:53:00,Timelapse,3:23,A,15,NA,Chaetodon capistratus,NA,Montastraea cavernosa,MCAV06,Bite,Y,1,NA,533,7995
0,B092,GX030003,08:53:00,Timelapse,3:27,A,15,NA,Chaetodon capistratus,NA,Montastraea cavernosa,MCAV01,Bite,Y,1,NA,533,7995
0,B092,GX030003,08:53:00,Timelapse,3:28,A,15,NA,Chaetodon capistratus,NA,Pseudodiploria strigosa,PSTR01,Bite,Y,2,NA,533,7995
0,B092,GX030003,08:53:00,Timelapse,3:48,A,15,NA,Chaetodon capistratus,NA,Pseudodiploria clivosa,PCLI02,Bite,Y,1,NA,533,7995
0,B092,GX030003,08:53:00,Timelapse,3:48,A,15,NA,Chaetodon capistratus,NA,Montastraea cavernosa,MCAV01,Bite,Y,1,NA,533,7995
0,B092,GX030003,08:53:00,Timelapse,3:49,A,15,NA,Chaetodon capistratus,NA,Pseudodiploria strigosa,PSTR01,Bite,Y,6,NA,533,7995
0,B092,GX030003,08:53:00,Timelapse,4:08,A,15,NA,Chaetodon capistratus,NA,Montastraea cavernosa,MCAV05,Bite,Y,1,NA,533,7995
0,B092,GX030003,08:53:00,Timelapse,4:28,A,15,NA,Chaetodon capistratus,NA,Montastraea cavernosa,MCAV06,Bite,Y,1,NA,533,7995
0,B092,GX030003,08:53:00,Timelapse,4:28,A,15,NA,Chaetodon capistratus,NA,Pseudodiploria clivosa,PCLI01,Bite,Y,1,NA,533,7995
0,B092,GX030003,08:53:00,Timelapse,4:40,A,15,NA,Chaetodon capistratus,NA,Pseudodiploria clivosa,PCLI02,Bite,Y,1,NA,533,7995
0,B092,GX030003,08:53:00,Timelapse,6:31,A,15,NA,Chaetodon capistratus,NA,Montastraea cavernosa,MCAV01,Bite,Y,1,NA,533,7995
0,B092,GX030003,08:53:00,Timelapse,6:45,A,15,NA,Chaetodon capistratus,NA,Montastraea cavernosa,MCAV06,Bite,Y,1,NA,533,7995
0,B092,GX030003,08:53:00,Timelapse,6:46,B,15,NA,Chaetodon capistratus,NA,Pseudodiploria clivosa,PCLI04,Bite,Y,2,NA,533,7995
0,B092,GX030003,08:53:00,Timelapse,6:48,A,15,NA,Chaetodon capistratus,NA,Pseudodiploria strigosa,PSTR01,Bite,Y,1,NA,533,7995
0,B092,GX030003,08:53:00,Timelapse,8:40,A,15,NA,Chaetodon capistratus,NA,Pseudodiploria strigosa,PSTR01,Bite,Y,1,NA,533,7995
0,B092,GX030003,08:53:00,Timelapse,8:41,B,15,NA,Chaetodon capistratus,NA,Pseudodiploria strigosa,PSTR01,Bite,Y,3,NA,533,7995
0,B092,GX030003,08:53:00,Timelapse,8:50,A,15,NA,Chaetodon capistratus,NA,Montastraea cavernosa,MCAV05,Bite,Y,1,NA,533,7995
0,B092,GX030003,08:53:00,Timelapse,8:52,B,15,NA,Chaetodon capistratus,NA,Pseudodiploria clivosa,PCLI04,Bite,Y,1,NA,533,7995
0,B092,GX030003,08:53:00,Timelapse,0.05,A,15,Initial,Sparisoma aurofrenatum,NA,Pseudodiploria clivosa,PCLI01,Bite,Y,4,NA,533,7995
0,B092,GX030003,08:53:00,Timelapse,1:09,B,17,Initial,Sparisoma aurofrenatum,NA,Pseudodiploria strigosa,PSTR05,Bite,Y,1,NA,533,7995
0,B092,GX030003,08:53:00,Timelapse,1:14,B,17,Initial,Sparisoma aurofrenatum,NA,Montastraea cavernosa,MCAV01,Bite,Y,1,NA,533,7995
0,B092,GX030003,08:53:00,Timelapse,1:15,B,17,Initial,Sparisoma aurofrenatum,NA,Porites astreoides,PAST01,Bite,Y,1,NA,533,7995
0,B092,GX030003,08:53:00,Timelapse,2:05,C,13,Initial,Sparisoma aurofrenatum,NA,Acropora palmata,8A,Bite,Y,1,NA,533,7995
0,B092,GX030003,08:53:00,Timelapse,2:29,B,17,Initial,Sparisoma aurofrenatum,NA,Porites astreoides,PAST03,Bite,Y,1,NA,533,7995
0,B092,GX030003,08:53:00,Timelapse,2:57,C,13,Initial,Sparisoma aurofrenatum,NA,Diploria labyrinthiformis,DLAB01,Bite,Y,1,NA,533,7995
0,B092,GX030003,08:53:00,Timelapse,4:14,C,15,Initial,Sparisoma aurofrenatum,NA,Pseudodiploria clivosa,PCLI01,Bite,Y,1,NA,533,7995
0,B092,GX030003,08:53:00,Timelapse,4:55,D,15,Initial,Sparisoma aurofrenatum,NA,Pseudodiploria clivosa,PCLI01,Bite,Y,1,NA,533,7995
0,B092,GX030003,08:53:00,Timelapse,5:32,D,15,Initial,Sparisoma aurofrenatum,NA,Montastraea cavernosa,MCAV05,Bite,Y,1,NA,533,7995
0,B092,GX030003,08:53:00,Timelapse,6:19,D,15,Initial,Sparisoma aurofrenatum,NA,Orbicella faveolata,OFAV04,Bite,Y,1,NA,533,7995
0,B092,GX030003,08:53:00,Timelapse,6:20,E,12,Initial,Sparisoma aurofrenatum,NA,Pseudodiploria clivosa,PCLI01,Bite,Y,1,NA,533,7995
0,B092,GX030003,08:53:00,Timelapse,6:20,E,12,Initial,Sparisoma aurofrenatum,NA,Acropora palmata,4E,Bite,Y,1,NA,533,7995
0,B092,GX030003,08:53:00,Timelapse,7:32,F,15,Initial,Sparisoma aurofrenatum,NA,Pseudodiploria strigosa,PSTR01,Bite,Y,1,NA,533,7995
0,B092,GX030003,08:53:00,Timelapse,8:32,G,12,Initial,Sparisoma aurofrenatum,NA,Pseudodiploria strigosa,PSTR06,Bite,Y,1,NA,533,7995
0,B092,GX040003,09:40:00,Timelapse,4:03,A,15,NA,Chaetodon capistratus,NA,Pseudodiploria clivosa,PCLI04,Bite,Y,2,NA,580,8700
0,B092,GX040003,09:40:00,Timelapse,4:04,A,15,NA,Chaetodon capistratus,NA,Pseudodiploria strigosa,PSTR01,Bite,Y,1,NA,580,8700
0,B092,GX040003,09:40:00,Timelapse,4:04,A,15,NA,Chaetodon capistratus,NA,Pseudodiploria strigosa,PSTR06,Bite,Y,2,NA,580,8700
0,B092,GX040003,09:40:00,Timelapse,4:05,A,15,NA,Chaetodon capistratus,NA,Diploria labyrinthiformis,DLAB01,Bite,Y,1,NA,580,8700
0,B092,GX040003,09:40:00,Timelapse,4:07,A,15,NA,Chaetodon capistratus,NA,Pseudodiploria clivosa,PCLI02,Bite,Y,1,NA,580,8700
0,B092,GX040003,09:40:00,Timelapse,5:04,A,15,NA,Chaetodon capistratus,NA,Pseudodiploria strigosa,PSTR01,Bite,Y,1,NA,580,8700
0,B092,GX040003,09:40:00,Timelapse,0:13,A,15,Initial,Sparisoma aurofrenatum,NA,Pseudodiploria strigosa,PSTR06,Bite,Y,2,NA,580,8700
0,B092,GX040003,09:40:00,Timelapse,0:18,A,15,Initial,Sparisoma aurofrenatum,NA,Pseudodiploria strigosa,PSTR06,Bite,Y,1,NA,580,8700
0,B092,GX040003,09:40:00,Timelapse,0:53,A,15,Initial,Sparisoma aurofrenatum,NA,Acropora palmata,5F,Bite,Y,4,NA,580,8700
0,B092,GX040003,09:40:00,Timelapse,3:32,B,15,Initial,Sparisoma aurofrenatum,NA,Porites astreoides,PAST01,Bite,Y,1,NA,580,8700
1,B092,GX010003,08:03:00,Timelapse,2:14,A,15,NA,Chaetodon capistratus,NA,Pseudodiploria clivosa,PCLI04,Bite,Y,1,NA,483,7245
1,B092,GX010003,08:03:00,Timelapse,2:36,B,15,NA,Chaetodon capistratus,NA,Acropora palmata,3B,Bite,Y,1,NA,483,7245
1,B092,GX010003,08:03:00,Timelapse,4:11,A,15,NA,Chaetodon capistratus,NA,Pseudodiploria clivosa,PCLI04,Bite,Y,1,NA,483,7245
1,B092,GX010003,08:03:00,Timelapse,7:45,A,15,NA,Chaetodon capistratus,NA,Pseudodiploria clivosa,PCLI02,Bite,Y,1,NA,483,7245
1,B092,GX010003,08:03:00,Timelapse,0:30,A,15,Initial,Sparisoma aurofrenatum,NA,Acropora palmata,5F,Bite,Y,1,NA,483,7245
1,B092,GX010003,08:03:00,Timelapse,0:31,A,15,Initial,Sparisoma aurofrenatum,NA,Montastraea cavernosa,MCAV06,Bite,Y,2,NA,483,7245
1,B092,GX010003,08:03:00,Timelapse,0:34,A,15,Initial,Sparisoma aurofrenatum,NA,Montastraea cavernosa,MCAV01,Bite,Y,1,NA,483,7245
1,B092,GX010003,08:03:00,Timelapse,5:51,B,15,Initial,Sparisoma aurofrenatum,NA,Porites astreoides,PAST01,Bite,Y,1,NA,483,7245
1,B092,GX010003,08:03:00,Timelapse,5:54,B,15,Initial,Sparisoma aurofrenatum,NA,Montastraea cavernosa,MCAV06,Bite,Y,2,NA,483,7245
1,B092,GX010003,08:03:00,Timelapse,8:00,B,15,Initial,Sparisoma aurofrenatum,NA,Pseudodiploria clivosa,PCLI01,Bite,Y,1,NA,483,7245
1,B092,GX010003,08:03:00,Timelapse,8:02,B,15,Initial,Sparisoma aurofrenatum,NA,Montastraea cavernosa,MCAV06,Bite,Y,1,NA,483,7245
7,B093,GX010001,11:51:00,Video,7:02,A,12,Initial,Sparisoma aurofrenatum,NA,Diploria labyrinthiformis,DLAB01,Bite,Y,1,NA,711,711
7,B094,GX050010,11:51:00,Video,11:04,A,15,NA,Chaetodon capistratus,NA,Pseudodiploria clivosa,PCLI04,Bite,Y,1,NA,711,711
7,B094,GX050010,11:51:00,Video,11:04,B,15,NA,Chaetodon capistratus,NA,Pseudodiploria strigosa,PSTR01,Bite,Y,2,NA,711,711
7,B094,GX050010,11:51:00,Video,11:05,A,15,NA,Chaetodon capistratus,NA,Pseudodiploria strigosa,PSTR01,Bite,Y,2,NA,711,711
14,B095,GX010014,08:53:00,Timelapse,1:46,A,15,Terminal,Stegastes diencaeus,NA,Pseudodiploria strigosa,PSTR01,Bite,Y,1,NA,533,7995
14,B095,GX010014,08:53:00,Timelapse,4:15,B,12,Terminal,Stegastes diencaeus,NA,Diploria labyrinthiformis,DLAB01,Bite,Y,1,NA,533,7995
7,B096,GX010011,08:33:00,Timelapse,4:26,A,15,NA,Chaetodon capistratus,NA,Diploria labyrinthiformis,DLAB01,Bite,Y,1,NA,513,7695
7,B096,GX010011,08:33:00,Timelapse,5:13,A,2,Juvenile,Sparisoma aurofrenatum,NA,Acropora palmata,5F,Bite,Y,1,NA,513,7695
7,B096,GX010011,08:33:00,Timelapse,5:46,B,2,Juvenile,Sparisoma aurofrenatum,NA,Diploria labyrinthiformis,DLAB01,Bite,Y,2,NA,513,7695
7,B096,GX010011,08:33:00,Timelapse,7:17,C,2,Juvenile,Sparisoma aurofrenatum,NA,Pseudodiploria strigosa,PSTR01,Bite,Y,1,NA,513,7695
7,B096,GX010011,08:33:00,Timelapse,0:33,A,18,Initial,Sparisoma viride,NA,Orbicella faveolata,OFAV01,Bite,Y,1,NA,513,7695
7,B096,GX010011,08:33:00,Timelapse,5:46,A,18,Initial,Sparisoma viride,NA,Orbicella faveolata,OFAV01,Bite,Y,1,NA,513,7695
7,B096,GX010011,08:33:00,Timelapse,1:50,A,15,Initial,Scarus iseri,NA,Diploria labyrinthiformis,DLAB01,Bite,Y,1,NA,513,7695
7,B096,GX010011,08:33:00,Timelapse,1:39,A,13,Terminal,Stegastes planifrons,NA,Diploria labyrinthiformis,DLAB02,Bite,Y,1,NA,513,7695
14,B097,GX010002,05:20:00,Timelapse,5:09,A,2,Juvenile,Sparisoma aurofrenatum,NA,Porites astreoides,PAST01,Bite,Y,1,NA,320,4800
14,B097,GX010002,05:20:00,Timelapse,1:38,A,20,Initial,Sparisoma viride,NA,Orbicella faveolata,OFAV05,Bite,Y,2,NA,320,4800
14,B097,GX020002,00:52:00,Timelapse,0:40,A,15,NA,Chaetodon capistratus,NA,Pseudodiploria clivosa,PCLI04,Bite,Y,1,NA,52,780
7,B098,GX020010,11:51:00,Video,5:10,A,15,Terminal,Stegastes diencaeus,NA,Porites astreoides,PAST01,Bite,Y,1,NA,711,711
7,B098,GX020010,11:51:00,Video,5:12,A,15,Terminal,Stegastes diencaeus,NA,Porites astreoides,PAST02,Bite,Y,1,NA,711,711
7,B098,GX020010,11:51:00,Video,10:29,A,15,Terminal,Stegastes diencaeus,NA,Pseudodiploria strigosa,PSTR05,Bite,Y,1,NA,711,711
14,B098,GH011593,10:50:00,Timelapse,5:06,A,15,Terminal,Stegastes diencaeus,NA,Montastraea cavernosa,MCAV06,Bite,Y,1,NA,650,9750
14,B098,GH011593,10:50:00,Timelapse,5:49,A,15,Terminal,Stegastes diencaeus,NA,Montastraea cavernosa,MCAV05,Bite,Y,1,NA,650,9750
14,B099,GX010012,08:33:00,Timelapse,1:44,A,2,Juvenile,Sparisoma aurofrenatum,NA,Orbicella faveolata,OFAV01,Bite,Y,1,NA,513,7695
14,B099,GX010012,08:33:00,Timelapse,1:54,A,25,Initial,Sparisoma viride,NA,Orbicella faveolata,OFAV05,Bite,Y,5,NA,513,7695
14,B099,GX010012,08:33:00,Timelapse,1:56,A,25,Initial,Sparisoma viride,NA,Pseudodiploria clivosa,PCLI02,Bite,Y,3,NA,513,7695
14,B099,GX010012,08:33:00,Timelapse,2:43,A,25,Initial,Sparisoma viride,NA,Pseudodiploria strigosa,PSTR01,Bite,Y,1,big bite,513,7695
7,B100,GX010010,11:51:00,Video,11:08,A,18,Initial,Sparisoma viride,NA,Diploria labyrinthiformis,DLAB02,Bite,Y,2,NA,711,711
7,B100,GX020010,11:52:00,Video,1:17,A,18,Initial,Sparisoma viride,NA,Orbicella faveolata,OFAV01,Bite,Y,1,NA,712,712
7,B100,GX030010,11:52:00,Video,3:48,A,18,Initial,Sparisoma viride,NA,Orbicella faveolata,OFAV05,Bite,Y,1,NA,712,712
7,B100,GX050010,11:52:00,Video,4:29,A,16,Initial,Sparisoma viride,NA,Pseudodiploria clivosa,PCLI02,Bite,Y,1,NA,712,712
7,B100,GX050010,11:52:00,Video,5:16,A,16,Initial,Sparisoma viride,NA,Montastraea cavernosa,MCAV07,Bite,Y,1,NA,712,712
